migration_speed,adhesion_force_other,adhesion_force_pmec_multiple,internal_force,repeat,type,average_speed_x,average_speed_total
0.0005,0.0001,0.75,0.001,0,Other,0.026511609,0.02830375
0.0005,0.0005,0.75,0.001,0,Other,0.026286915,0.028362771
0.0005,0.001,0.75,0.001,0,Other,0.024434955,0.026463449
0.0005,0.005,0.75,0.001,0,Other,0.024906991,0.027565784
0.0005,0.01,0.75,0.001,0,Other,0.025388487,0.028980289
0.0005,0.05,0.75,0.001,0,Other,0.022016391,0.030247399
0.0005,0.1,0.75,0.001,0,Other,0.024287596,0.0327343
0.0005,0.0001,0.75,0.001,1,Other,0.026616214,0.028584036
0.0005,0.0005,0.75,0.001,1,Other,0.026171732,0.028083576
0.0005,0.001,0.75,0.001,1,Other,0.025337796,0.02719965
0.0005,0.005,0.75,0.001,1,Other,0.02511806,0.027900875
0.0005,0.01,0.75,0.001,1,Other,0.026611533,0.030112974
0.0005,0.05,0.75,0.001,1,Other,0.021776123,0.030990303
0.0005,0.1,0.75,0.001,1,Other,0.020264195,0.030502816
0.0005,0.0001,0.75,0.001,2,Other,0.025807594,0.027695077
0.0005,0.0005,0.75,0.001,2,Other,0.025689087,0.02778998
0.0005,0.001,0.75,0.001,2,Other,0.025359777,0.027300286
0.0005,0.005,0.75,0.001,2,Other,0.026848047,0.029427043
0.0005,0.01,0.75,0.001,2,Other,0.025646699,0.029740759
0.0005,0.05,0.75,0.001,2,Other,0.020243161,0.02956605
0.0005,0.1,0.75,0.001,2,Other,0.019699218,0.030758639
0.0005,0.0001,0.75,0.001,0,PMEC,0.028103181,0.029987537
0.0005,0.0005,0.75,0.001,0,PMEC,0.027462027,0.029460352
0.0005,0.001,0.75,0.001,0,PMEC,0.025281198,0.027480431
0.0005,0.005,0.75,0.001,0,PMEC,0.025434582,0.02837025
0.0005,0.01,0.75,0.001,0,PMEC,0.025376264,0.030100612
0.0005,0.05,0.75,0.001,0,PMEC,0.013791236,0.029956606
0.0005,0.1,0.75,0.001,0,PMEC,0.012918291,0.03263061
0.0005,0.0001,0.75,0.001,1,PMEC,0.027995378,0.029949162
0.0005,0.0005,0.75,0.001,1,PMEC,0.027638477,0.029355454
0.0005,0.001,0.75,0.001,1,PMEC,0.027209677,0.02935173
0.0005,0.005,0.75,0.001,1,PMEC,0.024587511,0.028153863
0.0005,0.01,0.75,0.001,1,PMEC,0.024746351,0.029346934
0.0005,0.05,0.75,0.001,1,PMEC,0.010321314,0.02984609
0.0005,0.1,0.75,0.001,1,PMEC,0.010305838,0.031679239
0.0005,0.0001,0.75,0.001,2,PMEC,0.027372452,0.029144437
0.0005,0.0005,0.75,0.001,2,PMEC,0.026471549,0.028570118
0.0005,0.001,0.75,0.001,2,PMEC,0.026853453,0.029013304
0.0005,0.005,0.75,0.001,2,PMEC,0.025108416,0.028402055
0.0005,0.01,0.75,0.001,2,PMEC,0.024362218,0.029354078
0.0005,0.05,0.75,0.001,2,PMEC,0.010345198,0.028508423
0.0005,0.1,0.75,0.001,2,PMEC,0.007065593,0.031263861
0.0005,0.0001,0.75,0.001,0,VM,0,0
0.0005,0.0005,0.75,0.001,0,VM,0,0
0.0005,0.001,0.75,0.001,0,VM,0,0
0.0005,0.005,0.75,0.001,0,VM,0,0
0.0005,0.01,0.75,0.001,0,VM,0,0
0.0005,0.05,0.75,0.001,0,VM,0,0
0.0005,0.1,0.75,0.001,0,VM,0,0
0.0005,0.0001,0.75,0.001,1,VM,0,0
0.0005,0.0005,0.75,0.001,1,VM,0,0
0.0005,0.001,0.75,0.001,1,VM,0,0
0.0005,0.005,0.75,0.001,1,VM,0,0
0.0005,0.01,0.75,0.001,1,VM,0,0
0.0005,0.05,0.75,0.001,1,VM,0,0
0.0005,0.1,0.75,0.001,1,VM,0,0
0.0005,0.0001,0.75,0.001,2,VM,0,0
0.0005,0.0005,0.75,0.001,2,VM,0,0
0.0005,0.001,0.75,0.001,2,VM,0,0
0.0005,0.005,0.75,0.001,2,VM,0,0
0.0005,0.01,0.75,0.001,2,VM,0,0
0.0005,0.05,0.75,0.001,2,VM,0,0
0.0005,0.1,0.75,0.001,2,VM,0,0
0.0005,0.0001,0.75,0.005,0,Other,0.025723686,0.031986163
0.0005,0.0005,0.75,0.005,0,Other,0.02581356,0.031633303
0.0005,0.001,0.75,0.005,0,Other,0.024771524,0.031240046
0.0005,0.005,0.75,0.005,0,Other,0.024724721,0.030869383
0.0005,0.01,0.75,0.005,0,Other,0.02553575,0.031646825
0.0005,0.05,0.75,0.005,0,Other,0.01859241,0.031045914
0.0005,0.1,0.75,0.005,0,Other,0.016291879,0.031183312
0.0005,0.0001,0.75,0.005,1,Other,0.026145247,0.031937524
0.0005,0.0005,0.75,0.005,1,Other,0.024892366,0.031005186
0.0005,0.001,0.75,0.005,1,Other,0.025341429,0.031774681
0.0005,0.005,0.75,0.005,1,Other,0.024841004,0.031054664
0.0005,0.01,0.75,0.005,1,Other,0.025842532,0.032116533
0.0005,0.05,0.75,0.005,1,Other,0.016975743,0.029871115
0.0005,0.1,0.75,0.005,1,Other,0.015297567,0.030974538
0.0005,0.0001,0.75,0.005,2,Other,0.025040257,0.031764412
0.0005,0.0005,0.75,0.005,2,Other,0.026280782,0.032172109
0.0005,0.001,0.75,0.005,2,Other,0.024764435,0.031794483
0.0005,0.005,0.75,0.005,2,Other,0.025578927,0.031176451
0.0005,0.01,0.75,0.005,2,Other,0.02532181,0.03166216
0.0005,0.05,0.75,0.005,2,Other,0.015679887,0.029891863
0.0005,0.1,0.75,0.005,2,Other,0.012009336,0.02982976
0.0005,0.0001,0.75,0.005,0,PMEC,0.027189014,0.032297827
0.0005,0.0005,0.75,0.005,0,PMEC,0.027209456,0.03215284
0.0005,0.001,0.75,0.005,0,PMEC,0.026680231,0.032115715
0.0005,0.005,0.75,0.005,0,PMEC,0.026697272,0.032281247
0.0005,0.01,0.75,0.005,0,PMEC,0.024947492,0.031165636
0.0005,0.05,0.75,0.005,0,PMEC,0.013529727,0.031830834
0.0005,0.1,0.75,0.005,0,PMEC,0.00806899,0.032724522
0.0005,0.0001,0.75,0.005,1,PMEC,0.028535149,0.033473899
0.0005,0.0005,0.75,0.005,1,PMEC,0.02774683,0.032620797
0.0005,0.001,0.75,0.005,1,PMEC,0.02772108,0.032655954
0.0005,0.005,0.75,0.005,1,PMEC,0.026346172,0.031583163
0.0005,0.01,0.75,0.005,1,PMEC,0.025977355,0.031963695
0.0005,0.05,0.75,0.005,1,PMEC,0.011476599,0.029957402
0.0005,0.1,0.75,0.005,1,PMEC,0.009250072,0.034101337
0.0005,0.0001,0.75,0.005,2,PMEC,0.026661859,0.032176633
0.0005,0.0005,0.75,0.005,2,PMEC,0.0278165,0.033069711
0.0005,0.001,0.75,0.005,2,PMEC,0.027066736,0.03215962
0.0005,0.005,0.75,0.005,2,PMEC,0.025983476,0.031302868
0.0005,0.01,0.75,0.005,2,PMEC,0.024032001,0.03052991
0.0005,0.05,0.75,0.005,2,PMEC,0.012209796,0.031105014
0.0005,0.1,0.75,0.005,2,PMEC,0.002659414,0.031072071
0.0005,0.0001,0.75,0.005,0,VM,0,0
0.0005,0.0005,0.75,0.005,0,VM,0,0
0.0005,0.001,0.75,0.005,0,VM,0,0
0.0005,0.005,0.75,0.005,0,VM,0,0
0.0005,0.01,0.75,0.005,0,VM,0,0
0.0005,0.05,0.75,0.005,0,VM,0,0
0.0005,0.1,0.75,0.005,0,VM,0,0
0.0005,0.0001,0.75,0.005,1,VM,0,0
0.0005,0.0005,0.75,0.005,1,VM,0,0
0.0005,0.001,0.75,0.005,1,VM,0,0
0.0005,0.005,0.75,0.005,1,VM,0,0
0.0005,0.01,0.75,0.005,1,VM,0,0
0.0005,0.05,0.75,0.005,1,VM,0,0
0.0005,0.1,0.75,0.005,1,VM,0,0
0.0005,0.0001,0.75,0.005,2,VM,0,0
0.0005,0.0005,0.75,0.005,2,VM,0,0
0.0005,0.001,0.75,0.005,2,VM,0,0
0.0005,0.005,0.75,0.005,2,VM,0,0
0.0005,0.01,0.75,0.005,2,VM,0,0
0.0005,0.05,0.75,0.005,2,VM,0,0
0.0005,0.1,0.75,0.005,2,VM,0,0
0.0005,0.0001,0.75,0.01,0,Other,0.021016334,0.032675654
0.0005,0.0005,0.75,0.01,0,Other,0.020837909,0.032367462
0.0005,0.001,0.75,0.01,0,Other,0.020544648,0.032201118
0.0005,0.005,0.75,0.01,0,Other,0.020751197,0.031851977
0.0005,0.01,0.75,0.01,0,Other,0.020095876,0.03225802
0.0005,0.05,0.75,0.01,0,Other,0.012536939,0.031520183
0.0005,0.1,0.75,0.01,0,Other,0.011643121,0.032301944
0.0005,0.0001,0.75,0.01,1,Other,0.021307599,0.032852195
0.0005,0.0005,0.75,0.01,1,Other,0.020537866,0.032330916
0.0005,0.001,0.75,0.01,1,Other,0.019809968,0.032306021
0.0005,0.005,0.75,0.01,1,Other,0.020281499,0.032092377
0.0005,0.01,0.75,0.01,1,Other,0.020263336,0.032540105
0.0005,0.05,0.75,0.01,1,Other,0.012729408,0.031386467
0.0005,0.1,0.75,0.01,1,Other,0.010835948,0.032238765
0.0005,0.0001,0.75,0.01,2,Other,0.020479834,0.032362966
0.0005,0.0005,0.75,0.01,2,Other,0.021198209,0.032802871
0.0005,0.001,0.75,0.01,2,Other,0.021385734,0.032470733
0.0005,0.005,0.75,0.01,2,Other,0.020854593,0.032158056
0.0005,0.01,0.75,0.01,2,Other,0.0198248,0.032683377
0.0005,0.05,0.75,0.01,2,Other,0.016072064,0.03285431
0.0005,0.1,0.75,0.01,2,Other,0.012463179,0.033379506
0.0005,0.0001,0.75,0.01,0,PMEC,0.024061623,0.032977503
0.0005,0.0005,0.75,0.01,0,PMEC,0.022831418,0.0323564
0.0005,0.001,0.75,0.01,0,PMEC,0.02235489,0.031828247
0.0005,0.005,0.75,0.01,0,PMEC,0.022637531,0.032037879
0.0005,0.01,0.75,0.01,0,PMEC,0.021930599,0.031805929
0.0005,0.05,0.75,0.01,0,PMEC,0.009717642,0.031940958
0.0005,0.1,0.75,0.01,0,PMEC,0.005608269,0.032520545
0.0005,0.0001,0.75,0.01,1,PMEC,0.023942732,0.033273572
0.0005,0.0005,0.75,0.01,1,PMEC,0.021877532,0.031639185
0.0005,0.001,0.75,0.01,1,PMEC,0.022168689,0.03172728
0.0005,0.005,0.75,0.01,1,PMEC,0.022597113,0.032128734
0.0005,0.01,0.75,0.01,1,PMEC,0.022313765,0.032543872
0.0005,0.05,0.75,0.01,1,PMEC,0.011627854,0.032219545
0.0005,0.1,0.75,0.01,1,PMEC,0.005917207,0.033583904
0.0005,0.0001,0.75,0.01,2,PMEC,0.02206,0.032066027
0.0005,0.0005,0.75,0.01,2,PMEC,0.023089434,0.032428569
0.0005,0.001,0.75,0.01,2,PMEC,0.023496218,0.03262812
0.0005,0.005,0.75,0.01,2,PMEC,0.021754047,0.0313905
0.0005,0.01,0.75,0.01,2,PMEC,0.022715192,0.032105206
0.0005,0.05,0.75,0.01,2,PMEC,0.013247547,0.033197243
0.0005,0.1,0.75,0.01,2,PMEC,0.006793122,0.034354242
0.0005,0.0001,0.75,0.01,0,VM,0,0
0.0005,0.0005,0.75,0.01,0,VM,0,0
0.0005,0.001,0.75,0.01,0,VM,0,0
0.0005,0.005,0.75,0.01,0,VM,0,0
0.0005,0.01,0.75,0.01,0,VM,0,0
0.0005,0.05,0.75,0.01,0,VM,0,0
0.0005,0.1,0.75,0.01,0,VM,0,0
0.0005,0.0001,0.75,0.01,1,VM,0,0
0.0005,0.0005,0.75,0.01,1,VM,0,0
0.0005,0.001,0.75,0.01,1,VM,0,0
0.0005,0.005,0.75,0.01,1,VM,0,0
0.0005,0.01,0.75,0.01,1,VM,0,0
0.0005,0.05,0.75,0.01,1,VM,0,0
0.0005,0.1,0.75,0.01,1,VM,0,0
0.0005,0.0001,0.75,0.01,2,VM,0,0
0.0005,0.0005,0.75,0.01,2,VM,0,0
0.0005,0.001,0.75,0.01,2,VM,0,0
0.0005,0.005,0.75,0.01,2,VM,0,0
0.0005,0.01,0.75,0.01,2,VM,0,0
0.0005,0.05,0.75,0.01,2,VM,0,0
0.0005,0.1,0.75,0.01,2,VM,0,0
0.0005,0.0001,0.75,0.05,0,Other,0.005660392,0.046042729
0.0005,0.0005,0.75,0.05,0,Other,0.007359135,0.046186198
0.0005,0.001,0.75,0.05,0,Other,0.006137233,0.046122366
0.0005,0.005,0.75,0.05,0,Other,0.006271843,0.046046562
0.0005,0.01,0.75,0.05,0,Other,0.006467805,0.046008404
0.0005,0.05,0.75,0.05,0,Other,0.005810463,0.045941023
0.0005,0.1,0.75,0.05,0,Other,0.004876363,0.045957402
0.0005,0.0001,0.75,0.05,1,Other,0.006176635,0.046215183
0.0005,0.0005,0.75,0.05,1,Other,0.006818438,0.046083773
0.0005,0.001,0.75,0.05,1,Other,0.006803064,0.046098627
0.0005,0.005,0.75,0.05,1,Other,0.006500939,0.046241454
0.0005,0.01,0.75,0.05,1,Other,0.006048262,0.04611301
0.0005,0.05,0.75,0.05,1,Other,0.005551282,0.046051242
0.0005,0.1,0.75,0.05,1,Other,0.004656143,0.046019665
0.0005,0.0001,0.75,0.05,2,Other,0.006449956,0.046124169
0.0005,0.0005,0.75,0.05,2,Other,0.006547608,0.046154506
0.0005,0.001,0.75,0.05,2,Other,0.007074395,0.046017224
0.0005,0.005,0.75,0.05,2,Other,0.006407999,0.046154175
0.0005,0.01,0.75,0.05,2,Other,0.006257012,0.046021927
0.0005,0.05,0.75,0.05,2,Other,0.005749568,0.045909164
0.0005,0.1,0.75,0.05,2,Other,0.003842799,0.045820508
0.0005,0.0001,0.75,0.05,0,PMEC,0.011367006,0.044801395
0.0005,0.0005,0.75,0.05,0,PMEC,0.011910322,0.045219558
0.0005,0.001,0.75,0.05,0,PMEC,0.011228434,0.04473835
0.0005,0.005,0.75,0.05,0,PMEC,0.011397793,0.044688171
0.0005,0.01,0.75,0.05,0,PMEC,0.010269898,0.044671818
0.0005,0.05,0.75,0.05,0,PMEC,0.008297583,0.04574324
0.0005,0.1,0.75,0.05,0,PMEC,0.004683298,0.049263652
0.0005,0.0001,0.75,0.05,1,PMEC,0.012488792,0.044893761
0.0005,0.0005,0.75,0.05,1,PMEC,0.011611002,0.044754223
0.0005,0.001,0.75,0.05,1,PMEC,0.011224744,0.045202548
0.0005,0.005,0.75,0.05,1,PMEC,0.012501145,0.044930595
0.0005,0.01,0.75,0.05,1,PMEC,0.010613324,0.044984292
0.0005,0.05,0.75,0.05,1,PMEC,0.00905914,0.046349749
0.0005,0.1,0.75,0.05,1,PMEC,0.005799549,0.049344937
0.0005,0.0001,0.75,0.05,2,PMEC,0.012870044,0.045159089
0.0005,0.0005,0.75,0.05,2,PMEC,0.011984234,0.044953971
0.0005,0.001,0.75,0.05,2,PMEC,0.010501603,0.044793521
0.0005,0.005,0.75,0.05,2,PMEC,0.011938487,0.045154143
0.0005,0.01,0.75,0.05,2,PMEC,0.011573579,0.044939597
0.0005,0.05,0.75,0.05,2,PMEC,0.007768634,0.045874183
0.0005,0.1,0.75,0.05,2,PMEC,0.003820834,0.049492995
